{"cameraMode":{"drawMode":0,"name":"Shaded","section":"Shading Mode"},"sceneLighting":false,"audioPlay":false,"sceneViewState":{"m_AlwaysRefresh":false,"showFog":true,"showSkybox":false,"showFlares":true,"showImageEffects":true,"showParticleSystems":true,"showVisualEffectGraphs":true,"m_FxEnabled":true},"in2DMode":false,"pivot":{"x":1.7289999723434449,"y":1.4919999837875367,"z":0.4869999885559082},"rotation":{"x":-0.21004706621170045,"y":0.7329120635986328,"z":-0.25964075326919558,"w":-0.5927480459213257},"size":0.08867214620113373,"orthographic":false}