{"cameraMode":{"drawMode":0,"name":"Shaded","section":"Shading Mode"},"sceneLighting":true,"audioPlay":false,"sceneViewState":{"m_AlwaysRefresh":false,"showFog":true,"showSkybox":true,"showFlares":true,"showImageEffects":true,"showParticleSystems":true,"showVisualEffectGraphs":true,"m_FxEnabled":true},"in2DMode":false,"pivot":{"x":-5.6238908767700199,"y":-10.542332649230957,"z":3.4501686096191408},"rotation":{"x":-0.33334076404571535,"y":-0.23029470443725587,"z":0.08435466140508652,"w":-0.9103829860687256},"size":23.22447967529297,"orthographic":false}